廉颇,105
小乔,106
赵云,107
墨子,108
妲己,109
嬴政,110
孙尚香,111
鲁班七号,112
庄周,113
刘禅,114
高渐离,115
阿轲,116
钟无艳,117
孙膑,118
扁鹊,119
白起,120
芈月,121
吕布,123
周瑜,124
夏侯惇,126
甄姬,127
曹操,128
典韦,129
宫本武藏,130
李白,131
马可波罗,132
狄仁杰,133
达摩,134
项羽,135
武则天,136
老夫子,139
关羽,140
貂蝉,141
安琪拉,142
程咬金,144
露娜,146
姜子牙,148
刘邦,149
韩信,150
王昭君,152
兰陵王,153
花木兰,154
艾琳,155
张良,156
不知火舞,157
娜可露露,162
橘右京,163
亚瑟,166
孙悟空,167
牛魔,168
后羿,169
刘备,170
张飞,171
李元芳,173
虞姬,174
钟馗,175
成吉思汗,177
杨戬,178
哪吒,180
干将莫邪,182
雅典娜,183
蔡文姬,184
太乙真人,186
东皇太一,187
诸葛亮,190
大乔,191
黄忠,192
